image_id,image_name,time,location,photographer_name,note
1,5e55760b-c85e-43d7-811f-1bab9be614d1.jpg,2025.7.19,Gallery,CuteNew,
2,88374b43-e45f-439d-840f-517ed61b764b.jpg,2022.11,Jetphotos,CuteNew,
3,9d20544e-978f-41df-942c-51038225fd0d.jpg,2018.7.25,MRE,锑铬铽锎钷钷氩,
4,dcc79cc9-11eb-4d36-a32b-e6c5e78fa675.jpg,2024.9.19,LHR,SKDD,
5,5455538b-9f25-4b66-944d-306c0191f78f.jpg,2019.12.20,OSL,Mr.Nobody,
6,a22f20d1-c525-42c0-b736-926748d49618.jpg,2024.7.15,JFK,DF11G0001,
7,8d7ebc5f-10cf-4b8f-84ef-7a06d02e7fb4.jpg,2024.7.14,BOS,DF11G0001,
8,b0b365f4-5dab-40df-b310-69272a29c980.jpg,2024.9.24,DEN,ZYY,
9,54026e32-2d78-4093-b6a3-3f84fa493432.jpg,2024.7.8,IAD,DF11G0001,
10,bb4439ee-fce7-4658-b1d2-96ad592ab143.jpg,2023.9.29,PEK,Zonghou,
11,5be302d8-b16b-4d09-a05a-d0aad31d3338.jpg,2023.10.3,CAN,XIAOBAI,
12,7106e9ea-1d7d-443b-bdf4-b7f00d0b091e.jpg,2023.8.28,SZX,SWZ,
13,f643b2d1-2a55-4ce0-9711-378abd7ef706.jpg,2023.9.25,SZX,Dongliang,
14,8cbbc88d-3275-46f1-958c-f57923463bbd.jpg,2024.1.6,PEK,1386.,
15,867c0baf-7b04-4c9f-8954-8eb2b4143aa4.jpg,2024.3.16,PEK,liyuxuan,
16,119375cd-8718-4d1e-92f5-5571d6e05488.jpg,2024.6.15,PEK,tsdqk,
17,e27a2a33-0cb3-435b-9088-e003697be7af.jpg,2024.6.21,PEK,25L起飞后左转,
18,37136903-79e9-4e28-9118-a53a4b211053.jpg,2024.5.1,SHA,FrankRR,
19,8a4a8ad7-30e2-4e20-9d94-b81e302a2642.jpg,2024.5.1,PEK,RoMANTiC PEK,
20,b36fc527-9999-42ea-b329-8fdb43dea18d.jpg,2024.6.21,PEK,DF11G0001,
21,7fe20a9d-b698-44af-a95f-29b4392b1821.jpg,2022.11.24,TSN,繁星,
22,c5f5c01f-e946-4e37-946f-bf490fd601ac.jpg,2023.2.24,HCJ,ZHO,
23,5c66d47a-2bd6-407e-a86b-400c9f577428.jpg,2023.9.9,PVG,B-2007,
24,e8cb1f91-249e-4467-9c0c-3a83902e6800.jpg,2024.6.27,NKG,ZHO,
25,fa282581-1071-4e06-adb5-b7f883f9d9ae.jpg,2024.2.17,PEK,TSN_iYang,
26,557ed486-6c12-4d46-a3ca-790214b3bb20.jpg,2024.5.3,XMN,John,
27,679c64ea-ef2a-4f52-98ce-60971cb326b2.jpg,2023.9.25,SZX,Dongliang,
28,4b746f47-64d1-4124-83fd-45d791f0ec0b.jpg,2024.5.12,PEK,1386.,
29,d2455d52-19ec-446c-8eef-75eece19e41c.jpg,2025.unkown,test,test,
30,9aaeebcb-6799-49de-b444-8134cac5eac2.jpg,2024.7.28,TSN,25L起飞后左转,
31,feda5014-bcd6-45af-83ae-c0f1d8ee2d6b.jpg,2024.7.13,HKG,Dongliang,
32,852b7059-7f12-42db-b685-2e58d91d8331.jpg,2024.8.2,XMN,Spotter_Xin,
33,280c095b-c364-4805-a9af-871c177f1355.jpg,2024.8.8,CAN,Xiaobai,
34,bc21cb96-fd35-4f48-8816-82bfaba6d417.jpg,2024.8.6,PEK,Ahswitt,
35,bdb3a4b4-123c-4058-bf82-668255c07347.jpg,2024.8.23,ITM,Zonghou,
36,6c23f9d7-42ac-4b6e-bde7-2bd48b4c1807.jpg,2024.8.10,PEK,1386.,
37,fd21cb1c-f48e-4ab3-a2c0-1bd73d77e88c.jpg,2024.9.2,CSX,jiananlan,
38,3e4be4b9-9e45-442f-bb36-e5004da5593f.jpg,2024.9.18,HKG,SKDD,
39,167b6433-99b7-4f46-8028-bb4f8d10b4a8.jpg,2024.9.16,PEK,liyuxuan,
40,63180677-4c78-430d-ae1d-5f8b93a70d05.jpg,2024.9.12,NNG,ZHO,
41,f19db4f3-983c-42ca-9fe7-776183d4dd58.jpg,2023.12.2,CAN,Xiaobai,
42,684b3eeb-a133-472f-91d4-b7de9b1dd478.jpg,2023.7.21,SZX,SWZ,
43,c464597d-1df8-4488-8fd7-214fe8e2f7c3.jpg,2023.9.26,HKG,ZHO,
44,229b3832-5032-4e2f-b2e1-268ccd9d6d4d.jpg,2015.2.15,SYX,FrankRR,
45,8c8467d8-e957-43c2-a270-1faa381959db.jpg,2024.1.6,PEK,1386.,
46,baa4dff2-4e5c-4bc1-9da4-2bf1d6385707.jpg,2024.8.3,PVG,不会拍照秦有为,
47,1aa95f26-ded1-4f84-900f-0a4670688590.jpg,2024.9.18,CTU,FrankRR,
48,0b15f573-996e-4f85-bf1e-17fb57213380.jpg,2024.8.11,PEK,1386.,
49,855d143c-28d9-4f59-a511-ed383cc2e126.jpg,2025.1.27,PEK,DF11G0001,
50,24bd18c1-4663-4965-88d1-4b48350422c1.jpg,2025.1.26,XMN,FrankRR,
51,9a5a0625-9e65-4579-b1b5-641b9eed80df.jpg,2025.1.27,HFE,深空不明天体,
52,d6ef9608-dfe8-42ed-acb6-3333e6905c98.jpg,2024.10.8,NGY,FCX,
53,2d013c4b-2b0f-4791-8a8f-a3ed30956e5f.jpg,2025.1.27,PVG,Spotter_Xin,
54,c9f02108-ac31-4239-8eb2-b2b1329bfbff.jpg,2025.2.1,HND,TommyNGB,
55,945b92c1-9dff-4f6b-b4b7-b0d8f1cb4c14.jpg,2025.2.6,PVG,FrankRR,
56,24c656c6-2615-452b-8d4a-a5b6a449340a.jpg,2025.2.7,PEK,DF11G0001,
57,ba8dcbd6-76c8-4b83-81a5-230d68af95da.jpg,2025.2.14,XMN,陈骆驼,
58,3d13dec0-696e-4a41-bb55-242205cc9566.jpg,2025.2.15,XMN,Abner_ZSAM,
59,aa7e2b34-d7d6-4e85-9319-d40f599921bf.jpg,2025.2.11,HND,TommyNGB,
60,c7e5094e-5518-4e8f-adcc-7760669c19db.jpg,2025.2.14,LIJ,锑铬铽锎钷钷氩,
61,124a35db-b913-4521-bb2c-9d26e9c18c2b.jpg,2025.2.27,SHA,不会拍照秦有为,
62,f9977d69-7a5f-48ce-8bb4-bdf10a592da2.jpg,2025.1.28,XMN,jiananlan,
63,980dbd7c-3d95-4f41-b4d7-68144411b252.jpg,2024.10.9,inflight,ZHO,
64,79599193-192d-4880-9f5e-d27e1eaa4afe.jpg,2024.10.1,HGH,Aviation He,
65,ffc8ce66-d34c-4796-b51b-6281e5b9396d.jpg,2024.7.13,SIN,yty,
66,423595ea-c5ef-4e42-8339-a9eae1a23b74.jpg,2024.4.13,HGH,锑铬铽锎钷钷氩,
67,a218eb9f-42ed-4361-ae92-455bb92db117.jpg,2025.4.5,HGH,Zzl,
68,a8e062e0-9df9-4c90-9060-563c51d42fcf.jpg,2025.4.25,HGH,ZHO,
69,ce35d881-aa42-4481-8071-8ad1de54e400.jpg,2025.4.3,HGH,ZHO,
70,d86d2186-3d40-4288-92d0-1b481470b7ae.jpg,2025.3.25,PVG,Zzl,
71,2f2b8950-71d4-434d-baee-222d38901896.jpg,2025.5.11,HND,FENG,
72,14d1ef49-8430-4c8d-8206-3225f4969ade.jpg,2025.3.26,inflight,锑铬铽锎钷钷氩,
73,7df269df-0a43-42af-9032-dfb79072d460.jpg,2025.3.2,LHR,SKDD,
74,ffc3375d-9a0f-4f11-8a31-50386944a1f7.jpg,2025.1.18,SIN,25L起飞后左转,
75,8b3d9894-df97-4c0f-884d-9b2b9a221191.jpg,2025.2.11,HKG,25L起飞后左转,
76,21a5f092-23e7-4b97-a292-6c3120f05df3.jpg,2024.11.20,LHR,SKDD,
77,0209b73d-45ba-4403-9668-3ee8d2850af3.jpg,2022.8.14,CAN,SWZ,
78,cc698533-ed40-40eb-ac60-3eb9fa642693.jpg,2025.4.9,LHR,SKDD,
79,9fdebd5f-b07d-4311-814c-fb006f598de1.jpg,2018.10.3,PEK,FrankRR,
80,5350bf4c-cb51-470f-91b3-c88aa1528b0e.jpg,2023.12.26,PEK,晴空小新,
81,d8c90bc2-3f8a-4e24-910e-83e427744069.jpg,2023.11.12,PEK,1386.,
82,65af09c4-5d21-48cb-b28e-13bdfba1cac0.jpg,2023.12.31,PEK,liyuxuan,
83,a78412de-a325-4f06-adcc-3c721dec2926.jpg,2024.2.12,PVG,不会拍照秦老板,
84,fda18461-1111-4585-9a79-01319b6a88ae.jpg,2024.6.30,LAX,jay,
85,f8d3989c-c4d6-42c0-ba16-f6836fbd2f7e.jpg,2023.8.10,PVG,FrankRR,
86,b4ba027e-3819-4ba6-9284-279ac357211b.jpg,2024.7.12,BOS,DF11G0001,
87,43d72f74-db13-4b42-92c4-e2948320d3d4.jpg,2023.7.12,XMN,陈骆驼,
88,4a7372cf-f932-46f1-a2d6-93c2a3a91f37.jpg,2024.10.4,ICN,FENG,
89,ac1e7a50-0619-4456-9d55-5b2d1f67839b.jpg,2023.7.9,PEK,liyuxuan,
90,05219ba8-8ebb-400e-b791-9b8e613550ae.jpg,2022.7.8,SYX,深空不明天体,
91,d0a3cb23-bc8d-4b59-8dad-c8c36ad5f7ae.jpg,2017.7.21,inflight,FrankRR,
92,ad08bbb1-80c3-4e9b-8223-7ff394d044ba.jpg,2024.7.23,HGH,锑铬铽锎钷钷氩,
93,f0bf2b4c-8259-4690-be86-0e25ce2a1938.jpg,2024.8.1,HGH,椰子,
94,885eea68-21db-454c-acaf-5a1c94abb0af.jpg,2024.8.11,PEK,ZBTJ_YAN,
95,f5434da2-cd56-4846-95c3-eac234376a8d.jpg,2024.8.12,PEK,FrankRR,
96,ab29738e-0669-4296-b06f-3fd7713b0aef.jpg,2024.10.3,GMP,FENG,
97,02247c1f-738e-46d8-bb82-33ba74a4e20a.jpg,2025.3.31,PEK,DF11G0001,
98,935717a5-2e2f-40b0-8c30-ac49d5e05720.jpg,2024.10.19,LHR,SKDD,
99,1b934751-5d45-4477-8ced-90bc2e693d41.jpg,2025.5.19,HKT,ZSHC_TX,
100,69d65725-2413-4780-87db-65e36d1a81bf.jpg,2025.2.22,PEN,Twyawa,
101,5597f0c7-d56f-476e-941e-8cd2cef258b5.jpg,2025.4.1,PEK,DF11G0001,
102,58513d67-91bd-4e72-9cab-a57f0566e82c.jpg,2025.7.2,HFE,深空不明天体,
103,0c6c05b9-4d7a-4a53-afdc-3d53cfe883d0.jpg,2025.6.23,CAN,21200221,
104,f9dd10f8-58df-472a-90b0-d78c8318040f.jpg,2025.7.5,PEK,jiananlan,
105,1cf4bd69-036b-4abe-b504-bf670fbd8ffa.jpg,2025.7.9,PVG,Eliauk,
106,22a26fe3-1a95-44e8-a937-a2c32848833a.jpg,2025.unknown,MUC,test for multiple name,
107,2ada7db8-8437-4bc4-8e37-88f1716cd84b.jpg,2025.4.30,CSX,Jiananlan,
108,46724453-3a8f-4abd-bf7e-beb5110b4df4.jpg,2025.2.5,PEK,jiananlan,
109,1edee581-f2cb-4b46-9051-25d1636dcdf7.jpg,2025.7.23,MUC,测试中文,
110,cfd356d5-3baa-4ec6-8fc1-2738d843fdee.jpg,2025.7.5,PEK,测试中文,
111,a1d25b94-2e39-4aad-a85f-cfc240b55a09.jpg,2023.9.30,HGH,Zzl,
112,ec59c31d-398a-419f-8fd6-6334596995dc.jpg,2024.7.9,PAE,RoMANTiC PEK,
113,5d5de91f-dc39-49d4-b9ec-d93975d3c24a.jpg,2024.7.29,HGH,ZSHC Sky,
114,2ed62cbf-05a6-4798-84e0-474fea0cdffe.jpg,2024.5.9,HGH,椰子,
115,0b061dff-904a-4365-b7e4-c4bda1aa44b6.jpg,2024.9.15,SYX,Sky EOS,
116,96c6b501-4516-4b03-bee6-f2684e1e34c3.jpg,2024.11.9,ZUH,Suzuna,
117,3cb3e6fc-5fba-4ef1-af53-1928882bace7.jpg,2024.10.2,PVG,E75,
118,2234d6d5-ab23-47db-b7ab-f3c75489dfe4.jpg,2024.11.16,ZUH,wuzl ZSHC,
119,ed901977-eb41-4bb6-9a90-d1b55f11e373.jpg,2024.12.15,HGH,Aviation He,
120,e9988b81-15c6-43c1-9065-a61ce7fecdbc.jpg,2024.10.1,HKG,Eliauk.,
121,9010bee2-cd4b-405c-a6a9-56f3aecd98b0.jpg,2025.1.16,SHA,yty,
122,18ea96d2-2c81-4956-87b7-c6cb0e41a7ed.jpg,2025.1.1,CAN,12.3Somi,
123,a8f75fe9-31e8-4efd-afea-b04481cdb1a8.jpg,2025.1.24,HKG,NKG Spotter,
124,2a96f0bd-96c1-43f2-8cb7-61bbd026ea8f.jpg,2025.1.20,XMN,Twyawa,
125,63ce04dc-1c88-449b-89a0-3c990b9e4f3a.jpg,2025.4.23,HGH,ZHO,
126,cce6c520-f9ab-4611-91e2-251d89606a51.jpg,2025.3.10,HKT,FrankRR,
127,170bbd8f-45e5-4c0b-b6e3-ceffb4502207.jpg,2025.2.17,TSA,Dongliang,
128,4bce3cb7-c987-4f05-9860-6da8179536fe.jpg,2025.6.3,PEK,liyuxuan,
129,b871a3c6-d710-41d2-811d-cc8cbe4ada18.jpg,2025.6.7,TSN,ZBAD-Aviation,
130,4add2163-b9f8-4165-bbae-542077b623ca.jpg,2025.6.5,DEQ,ZSHC_TX,
131,efe83aa6-a4dd-4997-a0e2-7c8f8a2af19c.jpg,2025.6.10,XMN,21200221,
